Username,Full Name,Follower Count,Following Count,Bio,WhatsApp Number,Region,External Link,Profile URL
gsmplusvrsac,,554,544,"gsmplusvrsac
Entrepreneur",,,,https://www.instagram.com/gsmplusvrsac/
iphone.miami,,512,16,"Local business
Iphone Baratisimos exportados desde Miami ğŸ‡ºğŸ‡¸
Celulares de Calidad ğŸ‘Œ
7 - 13 dias.ğŸ›«
+ Info al DM ğŸ“²ğŸ’¸
Envios por pagar a tod... 
more",,,,https://www.instagram.com/iphone.miami/
movilesplus,,0,0,,,,,https://www.instagram.com/movilesplus/
quality_gadgets_hub,,29.1K,1110,"quality_gadgets_hub
Phone/Tablet
á´œá´›á´á´êœ±á´› Qá´œá´€ÊŸÉªá´›Ê á´€á´› á´€ÊŸÊŸ á´›Éªá´á´‡êœ±â€¦
â€£ Brand New & UK Used
â€£ Nationwide Delivery
â€£ Call: 08169698791
â€£ Whatsapp: 08076460107,... 
more
No. 10 Adepele street, Off Medical Road, Suite 20/21, Computer Village, Ikeja, Lagos, Nigeria 100271
www.qualitygadgetsng.com and 2 more",08169698791,Unknown,,https://www.instagram.com/quality_gadgets_hub/
